[
    {
        "test-name": "fapi1-advanced-final-refresh-token",
        "variant": {
                "client_auth_type": "private_key_jwt",
                "fapi_profile": "openbanking_uk",
                "fapi_response_mode": "plain_response"
        },
        "configuration-filename": "authlete-fapi-rw-id2-ob-privatekey.json"
    },
    {
        "test-name": "oidcc-idtoken-unsigned",
        "variant": "*",
        "configuration-filename": "authlete-oidcc-dcr.json"
    },
    {
        "test-name": "oidcc-unsigned-request-object-supported-correctly-or-rejected-as-unsupported",
        "variant": "*",
        "configuration-filename": "authlete-*.json"
    },
    {
        "test-name": "oidcc-request-uri-unsigned-supported-correctly-or-rejected-as-unsupported",
        "variant": "*",
        "configuration-filename": "authlete-*.json"
    },
    {
        "test-name": "oidcc-request-uri-unsigned",
        "variant": "*",
        "configuration-filename": "authlete-*.json"
    },
    {
        "test-name": "oidcc-ensure-request-object-with-redirect-uri",
        "variant": "*",
        "configuration-filename": "authlete-*.json"
    }
]
