<?xml version="1.0"?>
<!DOCTYPE module PUBLIC
          "-//Checkstyle//DTD Checkstyle Configuration 1.3//EN"
          "https://checkstyle.org/dtds/configuration_1_3.dtd">

<!--
    Checkstyle configuration that checks the Google coding conventions from Google Java Style
    that can be found at https://google.github.io/styleguide/javaguide.html

    Checkstyle is very configurable. Be sure to read the documentation at
    http://checkstyle.org (or in your downloaded distribution).

    To completely disable a check, just comment it out or delete it from the file.
    To suppress certain violations please review suppression filters.

    Authors: Max Vetrenko, Ruslan Diachenko, Roman Ivanov.
 -->

<module name="Checker">
  <module name="SuppressWarningsFilter"/>

  <property name="charset" value="UTF-8"/>

  <property name="severity" value="warning"/>

  <property name="fileExtensions" value="java, properties, xml"/>
  <!-- Excludes all 'module-info.java' files              -->
  <!-- See https://checkstyle.org/config_filefilters.html -->
  <module name="BeforeExecutionExclusionFileFilter">
    <property name="fileNamePattern" value="module\-info\.java$"/>
  </module>
  <!-- https://checkstyle.org/config_filters.html#SuppressionFilter -->
  <module name="SuppressionFilter">
    <property name="file" value="${org.checkstyle.google.suppressionfilter.config}"
           default="checkstyle-suppressions.xml" />
    <property name="optional" value="true"/>
  </module>

  <module name="LineLength">
    <property name="fileExtensions" value="java"/>
    <property name="max" value="1000"/>
    <property name="ignorePattern" value="^package.*|^import.*|a href|href|http://|https://|ftp://"/>
  </module>

  <module name="TreeWalker">
    <module name="OuterTypeFilename"/>
    <module name="IllegalTokenText">
      <property name="tokens" value="STRING_LITERAL, CHAR_LITERAL"/>
      <property name="format"
               value="\\u00(09|0(a|A)|0(c|C)|0(d|D)|22|27|5(C|c))|\\(0(10|11|12|14|15|42|47)|134)"/>
      <property name="message"
               value="Consider using special escape sequence instead of octal value or Unicode escaped value."/>
    </module>
    <module name="AvoidEscapedUnicodeCharacters">
      <property name="allowEscapesForControlCharacters" value="true"/>
      <property name="allowByTailComment" value="true"/>
      <property name="allowNonPrintableEscapes" value="true"/>
    </module>
    <module name="AvoidStarImport">
        <property name="excludes" value="java.io,java.util,java.util.stream.Collectors,java.net,com.gargoylesoftware.htmlunit"/>
    </module>
    <module name="OneTopLevelClass"/>
    <module name="NoLineWrap">
      <property name="tokens" value="PACKAGE_DEF, IMPORT, STATIC_IMPORT"/>
    </module>
    <module name="NeedBraces">
      <property name="tokens"
               value="LITERAL_DO, LITERAL_ELSE, LITERAL_FOR, LITERAL_IF, LITERAL_WHILE"/>
    </module>
    <module name="SuppressionXpathSingleFilter">
      <!-- suppresion is required till https://github.com/checkstyle/checkstyle/issues/7541 -->
      <property name="id" value="RightCurlyAlone"/>
      <property name="query" value="//RCURLY[parent::SLIST[count(./*)=1]
                                     or preceding-sibling::*[last()][self::LCURLY]]"/>
    </module>
    <module name="MultipleVariableDeclarations"/>
    <module name="FallThrough"/>
    <module name="UpperEll"/>
    <module name="ModifierOrder"/>
    <module name="SeparatorWrap">
      <!-- ARRAY_DECLARATOR is EOL until https://github.com/google/styleguide/issues/258 -->
      <property name="id" value="SeparatorWrapArrayDeclarator"/>
      <property name="tokens" value="ARRAY_DECLARATOR"/>
      <property name="option" value="EOL"/>
    </module>
    <module name="SeparatorWrap">
      <property name="id" value="SeparatorWrapMethodRef"/>
      <property name="tokens" value="METHOD_REF"/>
      <property name="option" value="nl"/>
    </module>
    <module name="PackageName">
      <property name="format" value="^[a-z]+(\.[a-z][a-z0-9]*)*$"/>
      <message key="name.invalidPattern"
             value="Package name ''{0}'' must match pattern ''{1}''."/>
    </module>
    <module name="ParameterName">
      <property name="format" value="^[a-z]([a-z0-9][a-zA-Z0-9]*)?$"/>
      <message key="name.invalidPattern"
             value="Parameter name ''{0}'' must match pattern ''{1}''."/>
    </module>
    <module name="LambdaParameterName">
      <property name="format" value="^[a-z]([a-z0-9][a-zA-Z0-9]*)?$"/>
      <message key="name.invalidPattern"
             value="Lambda parameter name ''{0}'' must match pattern ''{1}''."/>
    </module>
    <module name="CatchParameterName">
      <property name="format" value="^[a-z]([a-z0-9][a-zA-Z0-9]*)?$"/>
      <message key="name.invalidPattern"
             value="Catch parameter name ''{0}'' must match pattern ''{1}''."/>
    </module>
    <module name="PatternVariableName">
      <property name="format" value="^[a-z]([a-z0-9][a-zA-Z0-9]*)?$"/>
      <message key="name.invalidPattern"
             value="Pattern variable name ''{0}'' must match pattern ''{1}''."/>
    </module>
    <module name="ClassTypeParameterName">
      <property name="format" value="(^[A-Z][0-9]?)$|([A-Z][a-zA-Z0-9]*[T]$)"/>
      <message key="name.invalidPattern"
             value="Class type name ''{0}'' must match pattern ''{1}''."/>
    </module>
    <module name="RecordComponentName">
      <property name="format" value="^[a-z]([a-z0-9][a-zA-Z0-9]*)?$"/>
      <message key="name.invalidPattern"
               value="Record component name ''{0}'' must match pattern ''{1}''."/>
    </module>
    <module name="RecordTypeParameterName">
      <property name="format" value="(^[A-Z][0-9]?)$|([A-Z][a-zA-Z0-9]*[T]$)"/>
      <message key="name.invalidPattern"
               value="Record type name ''{0}'' must match pattern ''{1}''."/>
    </module>
    <module name="MethodTypeParameterName">
      <property name="format" value="(^[A-Z][0-9]?)$|([A-Z][a-zA-Z0-9]*[T]$)"/>
      <message key="name.invalidPattern"
             value="Method type name ''{0}'' must match pattern ''{1}''."/>
    </module>
    <module name="InterfaceTypeParameterName">
      <property name="format" value="(^[A-Z][0-9]?)$|([A-Z][a-zA-Z0-9]*[T]$)"/>
      <message key="name.invalidPattern"
             value="Interface type name ''{0}'' must match pattern ''{1}''."/>
    </module>
    <module name="NoFinalizer"/>
    <module name="AnnotationLocation">
      <property name="id" value="AnnotationLocationMostCases"/>
      <property name="tokens"
               value="CLASS_DEF, INTERFACE_DEF, ENUM_DEF, METHOD_DEF, CTOR_DEF,
                      RECORD_DEF, COMPACT_CTOR_DEF"/>
    </module>
    <module name="AnnotationLocation">
      <property name="id" value="AnnotationLocationVariables"/>
      <property name="tokens" value="VARIABLE_DEF"/>
      <property name="allowSamelineMultipleAnnotations" value="true"/>
    </module>
    <module name="JavadocMethod">
      <property name="accessModifiers" value="public"/>
      <property name="allowMissingParamTags" value="true"/>
      <property name="allowMissingReturnTag" value="true"/>
      <property name="allowedAnnotations" value="Override, Test"/>
      <property name="tokens" value="METHOD_DEF, CTOR_DEF, ANNOTATION_FIELD_DEF, COMPACT_CTOR_DEF"/>
    </module>
    <module name="MethodName">
      <property name="format" value="^[a-z][a-z0-9]\w*$"/>
      <message key="name.invalidPattern"
             value="Method name ''{0}'' must match pattern ''{1}''."/>
    </module>
    <!-- https://checkstyle.org/config_filters.html#SuppressionXpathFilter -->
    <module name="SuppressionXpathFilter">
      <property name="file" value="${org.checkstyle.google.suppressionxpathfilter.config}"
             default="checkstyle-xpath-suppressions.xml" />
      <property name="optional" value="true"/>
    </module>
    <module name="SuppressWarningsHolder" />
    <module name="SuppressionCommentFilter">
      <property name="offCommentFormat" value="CHECKSTYLE.OFF\: ([\w\|]+)" />
      <property name="onCommentFormat" value="CHECKSTYLE.ON\: ([\w\|]+)" />
      <property name="checkFormat" value="$1" />
    </module>
    <module name="SuppressWithNearbyCommentFilter">
      <property name="commentFormat" value="CHECKSTYLE.SUPPRESS\: ([\w\|]+)"/>
      <!-- $1 refers to the first match group in the regex defined in commentFormat -->
      <property name="checkFormat" value="$1"/>
      <!-- The check is suppressed in the next line of code after the comment -->
      <property name="influenceFormat" value="1"/>
    </module>
    <module name="RegexpSinglelineJava">
      <property name="format" value="^\t*    "/>
      <property name="message" value="Indent must use tab characters"/>
      <property name="ignoreComments" value="true"/>
    </module>
  </module>
</module>
