<?xml version="1.0"?>

<ruleset name="Custom Rules"
		 xmlns="http://pmd.sourceforge.net/ruleset/2.0.0"
		 xmlns:xsi="http://www.w3.org/2001/XMLSchema-instance"
		 xsi:schemaLocation="http://pmd.sourceforge.net/ruleset/2.0.0 https://pmd.sourceforge.io/ruleset_2_0_0.xsd">

	<description>
		Custom rules used for conformance suite java
	</description>

	<rule ref="category/java/multithreading.xml">
		<!-- UseConcurrentHashMap is quite noisy, and PMD developers don't necessarily recommend
		 using it - https://github.com/pmd/pmd/issues/1022#issuecomment-378687539 -->
		<exclude name="UseConcurrentHashMap"/>
		<!-- The use of Runnable in FutureWatcher seems to trigger DoNotUseThreads -->
		<exclude name="DoNotUseThreads"/>
		<!-- "Use block level rather than method level
			  synchronization." is triggered by TestRunner /
			  TestInstanceEventLog -->
		<exclude name="AvoidSynchronizedAtMethodLevel"/>
		<!-- AbstractTestModule getStatus uses volatile, see
		     https://gitlab.com/openid/conformance-suite/-/merge_requests/888#note_317415222
		     Do be careful about using volatile elsewhere as per
		     https://docs.oracle.com/javase/specs/jls/se8/html/jls-8.html#jls-8.3.1.4 -->
		<exclude name="AvoidUsingVolatile"/>
	</rule>
	<rule ref="category/java/documentation.xml/CommentContent"
		  message="Please don't use the @author annotation, reliable authorship information can already be found in git">
		<properties>
			<property name="disallowedTerms" value="@author"/>
		</properties>
	</rule>

	<rule ref="category/java/errorprone.xml">
		<!-- AbstractCondition triggers this for not closing BasicHttpClientConnectionManager. It doesn't appear to
		be vital to close it. -->
		<exclude name="CloseResource"/>
		<!-- We do this in a few places, some of which look very intentional. -->
		<exclude name="ReturnEmptyCollectionRatherThanNull"/>

		<!-- These are excluded just because the codebase, at the time PMD was added, raised a number of these
		  warnings. No analysis has been done on whether they're good checks to exclude. -->
		<exclude name="DataflowAnomalyAnalysis"/>
		<exclude name="AvoidDuplicateLiterals"/>
		<exclude name="NullAssignment"/>
		<exclude name="EmptyIfStmt"/>
		<exclude name="AvoidInstanceofChecksInCatchClause"/>
		<exclude name="UseLocaleWithCaseConversions"/>
		<exclude name="AvoidFieldNameMatchingMethodName"/>
		<exclude name="AvoidLiteralsInIfCondition"/>
		<exclude name="EmptyCatchBlock"/>
		<exclude name="NonStaticInitializer"/>
		<exclude name="TestClassWithoutTestCases"/>
	</rule>

	<rule ref="category/java/codestyle.xml">
		<!-- These are excluded mainly because the codebase, at the time this ruleset was added, raised a number of these
		  warnings. No indepth analysis was done. -->
		<exclude name="MethodArgumentCouldBeFinal"/>
		<exclude name="LocalVariableCouldBeFinal"/>
		<exclude name="LongVariable"/>
		<exclude name="CommentDefaultAccessModifier"/>
		<exclude name="ShortVariable"/>
		<exclude name="ShortClassName"/>
		<exclude name="OnlyOneReturn"/>
		<exclude name="UnnecessaryLocalBeforeReturn"/>
		<exclude name="PrematureDeclaration"/>
		<exclude name="ShortMethodName"/>
		<exclude name="UnnecessaryAnnotationValueElement"/>
		<exclude name="EmptyMethodInAbstractClassShouldBeAbstract"/>
		<exclude name="FieldNamingConventions"/>
		<exclude name="LinguisticNaming"/>
		<exclude name="UnnecessaryModifier"/>
		<exclude name="FieldDeclarationsShouldBeAtStartOfClass"/>
		<exclude name="UselessParentheses"/>
		<exclude name="AtLeastOneConstructor"/>
		<exclude name="ConfusingTernary"/>
		<exclude name="LocalVariableNamingConventions"/>
		<exclude name="CallSuperInConstructor"/>
		<exclude name="ClassNamingConventions"/>
		<exclude name="UseUnderscoresInNumericLiterals"/>
		<exclude name="EmptyControlStatement"/>
	</rule>

	<rule ref="category/java/bestpractices.xml">
		<exclude name="GuardLogStatement"/>
		<exclude name="LiteralsFirstInComparisons"/>
		<exclude name="ConstantsInInterface"/>
		<exclude name="UnusedAssignment"/>
		<exclude name="PreserveStackTrace"/>
		<exclude name="ReplaceHashtableWithMap"/>
		<exclude name="AvoidUsingHardCodedIP"/>
		<exclude name="MethodReturnsInternalArray"/>
		<exclude name="ReplaceVectorWithList"/>
		<exclude name="AvoidReassigningParameters"/>
		<exclude name="UseTryWithResources"/>
		<exclude name="DoubleBraceInitialization"/>
		<exclude name="SwitchStmtsShouldHaveDefault"/>
		<!-- a potentially useful rule, but triggers loads of false positives as we have many real classes that have
		 'Test' in their name, and isn't configurable enough -->
		<exclude name="JUnit4TestShouldUseTestAnnotation"/>
		<exclude name="ArrayIsStoredDirectly"/>
		<exclude name="UseCollectionIsEmpty"/>
	</rule>
	<!--
	   We should probably enable more rules one day
	<rule ref="category/java/design.xml"></rule>
	<rule ref="category/java/documentation.xml"></rule>
	<rule ref="category/java/performance.xml"></rule>
	<rule ref="category/java/security.xml"></rule>
	-->

	<!-- https://stackoverflow.com/a/48679770/292166
		 Avoid flagging private @PostConstruct methods as unused
	-->
	<rule ref="category/java/bestpractices.xml/UnusedPrivateMethod">
		<properties>
			<property name="violationSuppressXPath"
					  value="ancestor::ClassOrInterfaceBodyDeclaration/Annotation/MarkerAnnotation/Name[@Image='PostConstruct']" />
		</properties>
	</rule>
</ruleset>
